<?xml version="1.0" encoding="UTF-8" standalone="no"?>
<libraryInfos>
<libraryInfo home="C:\Program Files (x86)\Java\jre1.8.0_112" version="1.8.0_112">
<bootpath>
<entry path="C:\Program Files (x86)\Java\jre1.8.0_112\lib\resources.jar"/>
<entry path="C:\Program Files (x86)\Java\jre1.8.0_112\lib\rt.jar"/>
<entry path="C:\Program Files (x86)\Java\jre1.8.0_112\lib\sunrsasign.jar"/>
<entry path="C:\Program Files (x86)\Java\jre1.8.0_112\lib\jsse.jar"/>
<entry path="C:\Program Files (x86)\Java\jre1.8.0_112\lib\jce.jar"/>
<entry path="C:\Program Files (x86)\Java\jre1.8.0_112\lib\charsets.jar"/>
<entry path="C:\Program Files (x86)\Java\jre1.8.0_112\lib\jfr.jar"/>
<entry path="C:\Program Files (x86)\Java\jre1.8.0_112\classes"/>
</bootpath>
<extensionDirs>
<entry path="C:\Program Files (x86)\Java\jre1.8.0_112\lib\ext"/>
<entry path="C:\WINDOWS\Sun\Java\lib\ext"/>
</extensionDirs>
<endorsedDirs>
<entry path="C:\Program Files (x86)\Java\jre1.8.0_112\lib\endorsed"/>
</endorsedDirs>
</libraryInfo>
</libraryInfos>
